{"count":1,"self":14.206801599999999,"total":17.129355999999998,"children":{"InitializeActuators":{"count":1024,"self":0.011138,"total":0.011138,"children":null},"InitializeSensors":{"count":1024,"self":0.03048,"total":0.03048,"children":null},"AgentSendState":{"count":102,"self":0.33977799999999997,"total":0.98761199999999993,"children":{"CollectObservations":{"count":104448,"self":0.443733,"total":0.443733,"children":null},"WriteActionMask":{"count":104448,"self":0.084045,"total":0.084045,"children":null},"RequestDecision":{"count":104448,"self":0.120056,"total":0.120056,"children":null}}},"DecideAction":{"count":102,"self":0.081378999999999993,"total":0.081378999999999993,"children":null},"AgentAct":{"count":102,"self":1.8104909999999999,"total":1.8104909999999999,"children":null}},"gauges":{"Landing.CumulativeReward":{"count":2047,"max":0.004797619,"min":0.00279761339,"runningAverage":0.00279860175,"value":0.00279761851,"weightedAverage":0.00279761851}},"metadata":{"timer_format_version":"0.1.0","start_time_seconds":"1629291225","unity_version":"2020.3.8f1","command_line_arguments":"\/home\/james\/Unity\/Hub\/Editor\/2020.3.8f1\/Editor\/Unity -projectpath \/home\/james\/Desktop\/Dissertation\/ce901_scoon_gonzalez_james_a\/Quadcopter -useHub -hubIPC -cloudEnvironment production -hubSessionId f0f6ce30-0021-11ec-85c3-cb3fb6dc5944","communication_protocol_version":"1.5.0","com.unity.ml-agents_version":"2.1.0-exp.1","scene_name":"RLLandingTrain","end_time_seconds":"1629291240"}}