{"count":1,"self":17.0808192,"total":24.294200999999997,"children":{"InitializeActuators":{"count":1024,"self":0.0079589999999999991,"total":0.0079589999999999991,"children":null},"InitializeSensors":{"count":1024,"self":0.027063,"total":0.027063,"children":null},"AgentSendState":{"count":248,"self":0.80584899999999993,"total":2.625906,"children":{"CollectObservations":{"count":253952,"self":1.3300239999999999,"total":1.3300239999999999,"children":null},"WriteActionMask":{"count":253952,"self":0.203287,"total":0.203287,"children":null},"RequestDecision":{"count":253952,"self":0.286746,"total":0.286746,"children":null}}},"DecideAction":{"count":248,"self":0.20368899999999998,"total":0.20368899999999998,"children":null},"AgentAct":{"count":248,"self":4.347452,"total":4.347452,"children":null}},"gauges":{"Quadcopter.CumulativeReward":{"count":4096,"max":0.044709105,"min":0.0427090861,"runningAverage":0.04271102,"value":0.0427091,"weightedAverage":0.0427090935}},"metadata":{"timer_format_version":"0.1.0","start_time_seconds":"1627367994","unity_version":"2020.3.8f1","command_line_arguments":"\/home\/james\/Unity\/Hub\/Editor\/2020.3.8f1\/Editor\/Unity -projectpath \/home\/james\/Documents\/Projects\/Git\/ce901_scoon_gonzalez_james_a\/QuadcopterUnity -useHub -hubIPC -cloudEnvironment production -hubSessionId 89b01690-ed99-11eb-b62f-1b360a1824a7","communication_protocol_version":"1.5.0","com.unity.ml-agents_version":"2.1.0-exp.1","scene_name":"RLPathTrain","end_time_seconds":"1627368018"}}